Advertiser,Ad Text,Ad Link,Page ID,Active Time,Days Active,Ad Variations
Unknown Advertiser,,https://www.facebook.com/mindnexapro/,mindnexapro,Started running on 21 May 2025 Â· Total active time 4 hrs,0.16666666666666666,1
Unknown Advertiser,"ğŸ“ Your customers are searching â€œnear meâ€ â€“ are you showing up first? With MindNexaProâ€™s Local SEO Plan at just â‚¹7999/month, we help your business rank higher, attract local customers, and grow faster! ğŸ’¼ğŸš€ Includes GBP optimization, backlinks, local ads, and more â€“ everything you need to stay ahead of your competition. Start your local SEO journey today with expert support!  ğŸ“ +91-8072934802 ğŸ“§ info@mindnexapro.com ğŸŒ mindnexapro.com",https://www.facebook.com/mindnexapro/,mindnexapro,Started running on 21 May 2025 Â· Total active time 4 hrs,0.16666666666666666,10
Unknown Advertiser,,,N/A,Unknown,0,1
Unknown Advertiser,"Your Complete Web Solution Partner â€“ MV Web India! Struggling with your website? Weâ€™ve got you covered!  âœ… Website Redesign â€“ Fresh, modern & high-converting designs âœ… Website Maintenance â€“ Keep your site secure & up-to-date âœ… Domain & Hosting Support â€“ Smooth migrations & 24/7 hosting help âœ… Hacked Website? â€“ Emergency malware removal & security fixes âœ… Slow Website? â€“ Speed optimization for better rankings & sales âœ… WP/Shopify Support â€“ Plugin, theme & bug fixes by experts  Why Choose MV Web India? âœ” Fast, reliable & affordable solutions âœ” Certified experts with 10+ years of experience âœ” 24/7 customer support  ğŸ“ Call Now: 9113652919 ğŸŒ Visit: MVWeb.in ğŸ’¬ WhatsApp:   âœ¨ Donâ€™t Wait â€“ Contact MV Web India Today!",https://www.facebook.com/mvweb.in/,mvweb.in,Started running on 21 May 2025 Â· Total active time 4 hrs,0.16666666666666666,5
Unknown Advertiser,,https://www.facebook.com/mvweb.in/,mvweb.in,Unknown,0,1
Unknown Advertiser,"Admissions Open at GGNIMT, Civil Lines, Ghumar Mandi, Ludhiana.    Post Graduate Diploma in Digital Marketing (PGDDM)  (1 Year Program)    ELIGIBILITY: Graduation in any Stream    Why GGNIMT?   * Future Ready Curriculum   * Expert Faculty and Mentorship   * Project Based Learning   * Exposure to Digital Marketing Strategies, SEO, SEM, Social Media Marketing, Content Creation, Analytics, etc   * Strong Placement Support    Visit campus for guidance or WhatsApp/Call 8288099962       #aspiretoachieveatggnimt   #admissionopen2025_2026   #ADMISSIONSOPEN",https://www.facebook.com/ggnimtcollege/,ggnimtcollege,Started running on 21 May 2025 Â· Total active time 4 hrs,0.16666666666666666,5
Unknown Advertiser,,https://www.facebook.com/ggnimtcollege/,ggnimtcollege,Unknown,0,1
Unknown Advertiser,"ğŸ“ˆ Want more leads and customers for your business in Ranchi? At ThriveLeads, we help local businesses grow with powerful digital marketing strategies that actually work. âœ… Facebook & Google Ads âœ… Website Design âœ… SEO Letâ€™s grow your business together!",https://www.facebook.com/61564533257022/,61564533257022,Started running on 21 May 2025 Â· Total active time 4 hrs,0.16666666666666666,5
Unknown Advertiser,,https://www.facebook.com/61564533257022/,61564533257022,Unknown,0,1
Unknown Advertiser,"We are Hiring!!!ğŸ“¢  Position: SEO Analyst (2-5 Years Experience) Qualification: Any Degree  Job Location: Cybrosys Technologies, Kinfra Techno Park, Calicut  Interview Mode: Direct Interviews  For more details Call/WhatsApp: +91 8076 59 67 31 OR send an email to: hr@cybrosys.com  #SEO #SEOAnaIyst #DigitalMarketing #Marketing #OnlineMarketing #SearchEngineOptimization #TechSEO #MarketingStrategy #DataDrivenMarketing #KeywordResearch #ContentMarketing #LinkBuilding #OnPageSEO #OffPageSEO #TechnicalSEO #SEOJobs",https://www.facebook.com/cybrosystechnologies/,cybrosystechnologies,Started running on 21 May 2025 Â· Total active time 5 hrs,0.20833333333333334,5
Unknown Advertiser,,https://www.facebook.com/cybrosystechnologies/,cybrosystechnologies,Unknown,0,1
Unknown Advertiser,"WFH Jobs!!! Weâ€™re Hiring! Join Our Creative Team ğŸ’¼  ğŸ”§ WordPress Developer ğŸ’° Salary: â‚¹12,000 â€“ â‚¹15,000 ğŸ“Œ Experience: 2+ Years âœ… Must have strong knowledge in HTML, CSS, JavaScript âœ… Hands-on experience in Ecommerce & Directory Websites  ğŸ“£ Digital Marketing Interns / Freshers ğŸ’° Stipend: â‚¹5,000 â€“ â‚¹8,000 ğŸ“Œ Passionate about SEO, Social Media & Paid Ads? We want you!  ğŸ“ Remote ğŸ“© Apply now â€“ Letâ€™s build something amazing together! ğŸ“± Send your CV +919488454112",https://www.facebook.com/digitalakrith/,digitalakrith,Started running on 21 May 2025 Â· Total active time 5 hrs,0.20833333333333334,5
Unknown Advertiser,,https://www.facebook.com/digitalakrith/,digitalakrith,Unknown,0,1
Unknown Advertiser,"ğŸ”¥ Want a High-Paying Digital Marketing Job? Hereâ€™s Your Chance! ğŸ”¥  The digital world is booming, and companies are looking for skilled marketers like YOU! ğŸš€  ğŸ’¡ Master In-Demand Skills: Learn SEO, Social Media, PPC, Meta & Google Ads and More! ğŸ¯ 100% Practical Training: Work on Live Projects & gain real-world experience. ğŸ“ Get Certified: Stand out in job interviews & secure high-paying opportunities. ğŸ’¼ Work from Home or Join Top Companies: Start freelancing or land your dream job! ğŸ’° Earn Big: Digital marketing experts are making â‚¹50,000+ per monthâ€”why not YOU?  â³ Next Batch Starting Soon â€“ Limited Seats Available! ğŸ“¢ Apply Now & Take the First Step Toward Success! ğŸš€",https://www.facebook.com/gtproacademy/,gtproacademy,Started running on 21 May 2025 Â· Total active time 5 hrs,0.20833333333333334,5
Unknown Advertiser,,https://www.facebook.com/gtproacademy/,gtproacademy,Unknown,0,1
Unknown Advertiser,ğŸš€ Ready to boost your career from the comfort of your home? Join KSS Digital Marketing & Academyâ€™s Online Course and master the skills that top companies are hiring for! ğŸ’¼ğŸ’¡  âœ… 100% Online âœ… Live Classes + Recordings âœ… Industry Expert Mentors âœ… Certification Included  ğŸ“² Limited Seats! Enroll Now & Start Your Digital Journey Today. ğŸ“© DM us for more info or click the link in bio to register!  #DigitalMarketing #OnlineCourse #KSSAcademy #LearnDigital #MarketingSkills #WorkFromAnywhere #DigitalGrowth #KSSDigitalMarketing,https://www.facebook.com/61574193677613/,61574193677613,Started running on 21 May 2025 Â· Total active time 5 hrs,0.20833333333333334,5
Unknown Advertiser,,https://www.facebook.com/61574193677613/,61574193677613,Unknown,0,1
Unknown Advertiser,#googlemaps #google #googlepixel #pixel #googleads #googlestreetview #googlelocalguides #googleearth #instagram #googlemybusiness #photography #maps #googlesearch #googleplay #a #digitalmarketing #googleadwords #googleanalytics #xl #letsguide #travel #seo #localguides #streetview #googlehome #youtube #facebook #googleassistant #searchengineoptimization #googlemapsupdate,https://www.facebook.com/61571900602225/,61571900602225,Started running on 21 May 2025 Â· Total active time 5 hrs,0.20833333333333334,5
Unknown Advertiser,,https://www.facebook.com/61571900602225/,61571900602225,Unknown,0,1
Unknown Advertiser,à®‰à®™à¯à®•à®³à¯à®Ÿà¯ˆà®¯ à®ªà®¿à®¸à®¿à®©à®šà®¿à®±à¯à®•à®¾à®© à®†à®©à¯à®²à¯ˆà®©à¯ à®‡à®£à¯ˆà®¯à®¤à®³à®¤à¯à®¤à¯ˆ à®µà®°à¯à®Ÿà®®à¯ à®µà¯†à®±à¯à®®à¯ 2000 à®ªà¯†à®±à¯à®±à®¿à®Ÿà¯à®™à¯à®•à®³à¯.,https://www.facebook.com/myowncart.net/,myowncart.net,Started running on 21 May 2025 Â· Total active time 5 hrs,0.20833333333333334,5
Unknown Advertiser,,https://www.facebook.com/myowncart.net/,myowncart.net,Unknown,0,1
Unknown Advertiser,"""You Can Wear"" is a signature campaign, created for @kevabox, a brand known for its lightweight lifestyle jewellery. As the name suggests, the campaign celebrates jewellery that is effortlessly wearable - lightweight yet stylish, making it perfect for everyone. As part of this 360-degree initiative, we rolled out a full-fledged campaign including high-impact photoshoots, compelling video productions, and immersive indoor branding. Adding to the charm, the campaign proudly features the vibrant actress and brand ambassador @madonnasebastianofficial , whose elegance and energy perfectly embody the spirit of Kevabox.  Follow us for more creative and innovative projects and ideas! @worldhappinesscode info@worldhappinesscode.com +91 9495545824  #worldhappinesscode #branding #advertising #brandingdesign #jewellerycampaign #advertisingagency #HappinessCode #branding #advertisingagency #markettingcommunication #digitalmarketing #design #kevabox #MarketingandCommunications   [Branding Agency in India, Branding Company in Bangalore, SEO Company in India, Web Development Company in India, Web Design Company in India, Digital Marketing Company in India, Digital Marketing Agency in India]",https://www.facebook.com/worldhappinesscodeind/,worldhappinesscodeind,Started running on 20 May 2025 Â· Total active time 5 hrs,1.2083333333333333,5
Unknown Advertiser,,https://www.facebook.com/worldhappinesscodeind/,worldhappinesscodeind,Unknown,0,1
Unknown Advertiser,"All-in-One Online Presence Package! Get a Website + Free SSL + Domain + Hosting starting at just â‚¹9,999. MacDon IT Solutions has everything you need to launch professionally online.",https://www.facebook.com/61575568210027/,61575568210027,Started running on 20 May 2025 Â· Total active time 5 hrs,1.2083333333333333,5
Unknown Advertiser,,https://www.facebook.com/61575568210027/,61575568210027,Unknown,0,1
Unknown Advertiser,"At KBROZ, we are a certified digital marketing agency & specialise in: âœ… Lead Generation âœ… Social Media Marketing âœ… Google & Facebook Ads âœ… SEO & Website Traffic Boost âœ… eCommerce Growth âœ… Website & App Development âœ… Graphics & Video Making  ğŸ¯ 8+ Years of Experience | ğŸ’¼ Globally Presence | ğŸ”¥ Certified Team (30+ Certificates Awarded)  ğŸ“ˆ Results, not promises.  Letâ€™s turn your clicks into customers. Book a Free Strategy Call Today! ğŸ“ +91-8586048439",https://www.facebook.com/kbrozdigitalmarketing/,kbrozdigitalmarketing,Started running on 21 May 2025 Â· Total active time 5 hrs,0.20833333333333334,5
Unknown Advertiser,,https://www.facebook.com/kbrozdigitalmarketing/,kbrozdigitalmarketing,Kbroz - Digital Marketing,0,1
Unknown Advertiser,"ğŸ¯ Donâ€™t Miss This Limited-Time Offer!  Get 20% OFF on your first website project with ChannelSoftech â€“ a trusted name with 20+ years of expertise and a portfolio of 5000+ websites delivered.  ğŸš€ Launch your website in just 10 days with everything included: âœ” Free Logo Design âœ” 10-Page Website âœ” Free Domain & Hosting âœ” Free SSL Certificate âœ” Google My Business Setup âœ” On-Page SEO âœ” Branding Materials (Letterhead & Visiting Card)  ğŸ‘¨â€ğŸ’» From concept to launch, we build websites that wow and drive results.  ğŸ“ Contact us now for a Free Quote & Consultation!  ğŸ“± +91 9845 662 183  ğŸŒ ",https://www.facebook.com/channelsoftech/,channelsoftech,Started running on 21 May 2025 Â· Total active time 5 hrs,0.20833333333333334,5
Unknown Advertiser,,https://www.facebook.com/channelsoftech/,channelsoftech,Unknown,0,1
Unknown Advertiser,"Digital marketing involves using various online channels like websites, social media, email, and search engines to promote products or services and connect with customers. It's a broad term that encompasses a range of activities, including content creation, SEO, social media marketing, email campaigns, and online advertising.",https://www.facebook.com/61575800347724/,61575800347724,Started running on 21 May 2025 Â· Total active time 6 hrs,0.25,5
Unknown Advertiser,,https://www.facebook.com/61575800347724/,61575800347724,Unknown,0,1
Unknown Advertiser,"Boost Your Websiteâ€™s SEO Performance with Our Expert Team!  Want better keyword rankings and faster website speed on tools like Ahrefs and Google PageSpeed? Weâ€™re here to help!  âœ… Guaranteed 40% improvement in keyword rankings, Domain Authority (DA), and Page Authority (PA) every month âœ… Regular updates shared in our WhatsApp group âœ… Work directly with our experienced SEO team âœ… Join a Google Meet to see past results and client success stories  Is your website not showing up on Googleâ€™s first page? Let us help you change that.  ğŸ§  Why Choose Us?  6+ years of SEO experience  Proof of results from happy clients  10+ member in-house SEO team  Support available daily  Weekly reports every Saturday  Monthly performance updates  Website care and ongoing monitoring  ğŸ“ˆ Weâ€™ll help you:  Get more calls and leads  Increase your brand visibility  Improve your keyword rankings  Boost website traffic and clicks  ğŸ“ Contact our SEO experts today to get started! Don't wait â€” spots are filling fast!",https://www.facebook.com/succinctssolution/,succinctssolution,Started running on 21 May 2025 Â· Total active time 6 hrs,0.25,5
Unknown Advertiser,,https://www.facebook.com/succinctssolution/,succinctssolution,Unknown,0,1
Unknown Advertiser,ğŸ“ Kickstart Your Career with a Dual Degree in Digital Marketing & AI! Affiliated to Mumbai University | For 12th Pass Students  âœ… Dual Degree Advantage âœ… 100% Placement & Internship Assistance âœ… Upto 10 LPA Highest Package âœ… Globally Recognized Certifications  ğŸ“ Study in Mumbai | Limited Seats Available ğŸ“² Admissions Open â€“ Enquire Now! ğŸ“ 9029 007 248,https://www.facebook.com/100082996555709/,100082996555709,Started running on 20 May 2025 Â· Total active time 6 hrs,1.25,10
Unknown Advertiser,,https://www.facebook.com/100082996555709/,100082996555709,Unknown,0,1
Unknown Advertiser,"Affordable Website Design for Startups & Small Businesses â€“ From Just â‚¹4999!  Kickstart your online journey with a professional website that drives results! We design Startup, Small Business & E-commerce Websites tailored for success.  What You Get: âœ”ï¸ Custom Responsive Website âœ”ï¸ Fast Delivery âœ”ï¸ SEO-Optimized âœ”ï¸ BONUS: 15 Days FREE Facebook/GMB Ads Service!  Limited-Time Offer â€“ Only â‚¹4999 (T&C Apply) Your Digital Growth Partner is just a call away.  Call Now: 06203868383 #WebsiteDesign #StartupWebsite #AffordableWebDesign #DigitalMarketing",https://www.facebook.com/digitalplatinex/,digitalplatinex,Started running on 20 May 2025 Â· Total active time 6 hrs,1.25,5
Unknown Advertiser,,https://www.facebook.com/digitalplatinex/,digitalplatinex,Unknown,0,1
Unknown Advertiser,Want to Grow your Brand Online? We've got the Perfect Packages for you.,https://www.facebook.com/61575577543320/,61575577543320,Started running on 21 May 2025 Â· Total active time 6 hrs,0.25,5
Unknown Advertiser,,https://www.facebook.com/61575577543320/,61575577543320,Unknown,0,1
Unknown Advertiser,"We are hiring a Digital Marketing Manager with 3+ years of experience in driving performance-based marketing campaigns.  We are looking for a results-oriented professional with expertise in:  Google Ads, Meta Ads, and SEO tools  CRM platforms such as HubSpot and Zoho  ROI-driven strategies and lead generation funnels  Salary: Best in the Industry Location: [Insert Location or specify Remote]  If you're ready to take the next step in your digital marketing career, apply now.  ğŸ“§ skillmergeindia@gmail.com ğŸ“ 7994005437",https://www.facebook.com/61563365234885/,61563365234885,Started running on 20 May 2025 Â· Total active time 6 hrs,1.25,5
Unknown Advertiser,,https://www.facebook.com/61563365234885/,61563365234885,Unknown,0,1
Unknown Advertiser,"Do you want to Master Al Hacks in MS Office - Excel, PPT and Word using Chat - GPT & Al Tools to save 2 Hours of time daily and grow your salary by 3x ?  Well, your wait is over  You can achieve all this by harnessing the power of MS Office and Al tools.  I've got the solution to help you automate your work using MS Office and Al tools, transforming you into an Office PRO  Join me in my upcoming 3-hour live workshop, where I'll reveal secret hacks to have Al analyze your data, extract insights, and create dazzling presentations at lightning speed.  Here's a sneak peek at what you'll master, even if you have zero prior knowledge:  âœ” Discover mind-blowing Al tools to automate your tasks in MS  Office, saving up to 2 hours.  âœ” Learn how to create stunning presentations in MS  PowerPoint in under 3 minutes using Al.  âœ” Craft interactive reports and professional dashboards with MS Excel.  âœ” Harness Al for complex data analysis and gain valuable insights for your reports.  âœ” Uncover the secret methods used by the top 1% of employees to finish tasks with maximum productivity.  All this for an incredibly affordable â‚¹99.  Now, you might be wondering, who am I to share this wisdom with you?  Hi, I'm Jatan Shah, the Co-Founder and CEO of Skill Nation.  I'm a Microsoft Certified Trainer, Al and MS Office Expert, dedicated to helping working professionals and students enhance their productivity by creating presentations and dashboards with the aid of Al tools.  My workshops have enabled countless students to secure significant salary increases and job promotions, and I'm here to inspire the same transformation in you.  Click the link, sign up for the workshop, and I'll meet you there live  Certainly! Here's a step-by-step guide to highlight the benefits of starting an online business:  1. Market Research: Identify your target audience and assess market demand for your product or service.  2. Online Presence: Establish a professional website to showcase your offerings and build credibility.  3. E-commerce Platform: Utilize a reliable e-commerce platform for seamless online transactions.  4. Global Reach: Tap into a worldwide customer base, expanding beyond geographical limitations.  5. Cost Efficiency: Reduce overhead costs associated with physical stores, rent, and utilities.  6. 24/7 Availability: Operate round the clock, allowing customers to access your products or services at any time.  7. Digital Marketing: Leverage online marketing tools such as social media, SEO, and email to reach a wider audience.  8. Data Analytics: Use analytics tools to gather insights into customer behavior and preferences.  9. Customer Engagement: Foster customer relationships through online support, chat, and feedback mechanisms.  10. Adaptability: Quickly adapt to market trends and customer feedback to stay competitive.  11. Flexibility: Manage your business from anywhere with an internet connection, providing a flexible work environment.  12. Automation: Streamline processes using automation tools for tasks like inventory management and order processing.  13. Cost-Effective Advertising: Benefit from targeted and cost-effective online advertising compared to traditional methods.  14. Customer Reviews and Testimonials: Showcase positive feedback to build trust and attract new customers.  15. Scalability: Easily scale your business by expanding product lines or services without significant infrastructure changes.  16. Data Security: Prioritize secure online transactions and customer data protection to build trust.  17. Collaboration: Collaborate with other online businesses, influencers, or platforms to expand your reach.  18. Accessibility: Cater to a diverse audience, including people with disabilities, through accessible online interfaces.  19. Community Building: Foster a community around your brand through social media groups, forums, or newsletters.  20. Feedback Loop: Use customer feedback to continuously improve products, services, and the overall customer experience.  By following these steps, you can unlock the numerous benefits of running a successful online business . ğŸš¨ Attention social media users!  Stop scrolling and start monetizing your platforms with ease. Join our free webinar to learn how you can easily earn money from your social media presence. Don't miss out on this opportunity, it could be a game-changer for your online success",https://www.facebook.com/61567252735376/,61567252735376,Started running on 20 May 2025 Â· Total active time 6 hrs,1.25,5
Unknown Advertiser,,https://www.facebook.com/61567252735376/,61567252735376,Unknown,0,1
Unknown Advertiser,,https://l.facebook.com/l.php?u=https%3A%2F%2Fwww.instagram.com%2F_u%2Framanujan_computer_institute&h=AT25k0yYW7AUCATSzIR_tpTrd2xLjQ68lsSbCMXzr5raZTJi3avGekQfqpFpNY0hRHUDwUs_E8Eobt90l9W2-TrW3xQl0qdxdLihJT3Dy52TmMz1fSuYTebcrzCIlmB3ceVnxPnZ1fjDvxNVyQp0VQ,l.php,Started running on 20 May 2025 Â· Total active time 6 hrs,1.25,1
Unknown Advertiser,XD to HTML using Tailwind CSS,https://www.facebook.com/61565778910181/,61565778910181,Started running on 21 May 2025 Â· Total active time 6 hrs,0.25,5
Unknown Advertiser,,https://www.facebook.com/61565778910181/,61565778910181,Unknown,0,1
Unknown Advertiser,"We're hiring a Digital Marketing Executive! âœ… Min 2 years experience âœ… Must know video shooting & basic graphic designing  Key Skills Required: ğŸ”¹ Google Ads, Meta Ads, SEO ğŸ”¹ Social Media Content Creation ğŸ”¹ Video Shooting & Editing (DSLR/Mobile) ğŸ”¹ Canva / Photoshop (Basic Design)  Role: ğŸ“Œ Run digital ad campaigns ğŸ“Œ Shoot videos (testimonials, course highlights) ğŸ“Œ Create content for Instagram, Facebook, YouTube ğŸ“Œ Work on branding & lead generation  ğŸ“ Location: Kochi ğŸ•’ Working Days: Mon to Sat ğŸ’¼ Salary: Based on experience",https://www.facebook.com/Nexgenkochi/,Nexgenkochi,Started running on 20 May 2025 Â· Total active time 6 hrs,1.25,5
Unknown Advertiser,,https://www.facebook.com/Nexgenkochi/,Nexgenkochi,Unknown,0,1
Unknown Advertiser,Looking to build a professional website or mobile app? We create high-performing digital solutions tailored to your business needs. Let's bring your vision to life!,https://www.facebook.com/thepandaece/,thepandaece,Started running on 20 May 2025 Â· Total active time 6 hrs,1.25,5
Unknown Advertiser,,https://www.facebook.com/thepandaece/,thepandaece,Unknown,0,1
